# experiment,E2
# artifact,presidio-hardened/capability-grant@1 (released) enforced end-to-end
# sandbox,False
# note,production-scale run
# baseline_cited,"{""redaction_only_p99_ms"": 5.73, ""mode"": ""nlp"", ""source"": ""arXiv:2604.11430v2 (cited, not re-derived here)""}"
# pii_mode,nlp
# enforce_mode,trust-store
# seed,42
# n_samples,2000
# depths,"[1, 2, 4, 6]"
# host,pier39.local
# platform,macOS-15.7.8-arm64-arm-64bit
# python,3.11.15
# utc,2026-08-03T08:28:07Z
# zk_tier,literature-cited only (CJ-EVAL Phase C); NOT measured here
depth,n,stage,p50_ms,p95_ms,p99_ms,mean_ms
1,2000,redaction,3.8316,5.6908,6.2863,4.3327
1,2000,capability_verify,0.1845,0.2019,0.2146,0.1876
1,2000,evidence_write,0.2005,0.2167,0.2331,0.203
1,2000,added_total,0.3854,0.4194,0.4438,0.3906
2,2000,redaction,3.9246,5.7662,6.2762,4.3571
2,2000,capability_verify,0.3631,0.3913,0.4126,0.3684
2,2000,evidence_write,0.2019,0.2237,0.2408,0.2051
2,2000,added_total,0.5656,0.6134,0.6523,0.5735
4,2000,redaction,3.8724,5.7139,6.2326,4.32
4,2000,capability_verify,0.7057,0.7376,0.7521,0.7105
4,2000,evidence_write,0.2001,0.2188,0.2335,0.2029
4,2000,added_total,0.9062,0.9557,0.9831,0.9134
6,2000,redaction,3.996,5.9683,6.7152,4.4665
6,2000,capability_verify,1.0616,1.1117,1.1601,1.0704
6,2000,evidence_write,0.2052,0.2343,0.2639,0.2097
6,2000,added_total,1.2669,1.345,1.4156,1.2801
